<?xml version="1.0" encoding="utf-8" ?>
<dwsync>
<file name=".gitattributes" server="www.dip2.de//" local="129741156080000000" remote="129813769200000000" />
<file name=".gitignore" server="www.dip2.de//" local="129741156080000000" remote="129813769200000000" />
<file name=".htaccess" server="www.dip2.de//" local="129741156080000000" remote="129813769200000000" />
<file name="404.html" server="www.dip2.de//" local="129741156080000000" remote="129813769200000000" />
<file name="apple-touch-icon-114x114-precomposed.png" server="www.dip2.de//" local="129741156080000000" remote="129813769200000000" />
<file name="apple-touch-icon-57x57-precomposed.png" server="www.dip2.de//" local="129741156080000000" remote="129813769200000000" />
<file name="apple-touch-icon-72x72-precomposed.png" server="www.dip2.de//" local="129741156080000000" remote="129813769200000000" />
<file name="apple-touch-icon-precomposed.png" server="www.dip2.de//" local="129741156080000000" remote="129813769200000000" />
<file name="apple-touch-icon.png" server="www.dip2.de//" local="129741156080000000" remote="129813769200000000" />
<file name="crossdomain.xml" server="www.dip2.de//" local="129741156080000000" remote="129813769200000000" />
<file name="favicon.ico" server="www.dip2.de//" local="129741156080000000" remote="129813769200000000" />
<file name="humans.txt" server="www.dip2.de//" local="129741156080000000" remote="129813769200000000" />
<file name="index.html" server="www.dip2.de//" local="129812909081718750" remote="129813769200000000" />
<file name="readme.md" server="www.dip2.de//" local="129741156080000000" remote="129813769200000000" />
<file name="robots.txt" server="www.dip2.de//" local="129741156080000000" remote="129813769200000000" />
<file name="client-data.html" server="www.dip2.de//" local="129813718141406250" remote="129813769200000000" />
<file name="geolocation.html" server="www.dip2.de//" local="129813733046406250" remote="129813769200000000" />
</dwsync>